,name,lat,lng,city
0,Новокосино,55.745113,37.864052,Москва
1,Новогиреево,55.752237,37.814587,Москва
2,Перово,55.75098,37.78422,Москва
3,Шоссе Энтузиастов,55.75809,37.751703,Москва
4,Авиамоторная,55.751933,37.717444,Москва
5,Площадь Ильича,55.747115,37.680726,Москва
6,Марксистская,55.740746,37.65604,Москва
7,Третьяковская,55.741125,37.626142,Москва
8,Ховрино,55.8777,37.4877,Москва
9,Беломорская,55.8651,37.4764,Москва
10,Речной вокзал,55.854152,37.476728,Москва
11,Водный стадион,55.838978,37.487515,Москва
12,Войковская,55.818923,37.497791,Москва
13,Сокол,55.805564,37.515245,Москва
14,Аэропорт,55.800441,37.530477,Москва
15,Динамо,55.789704,37.558212,Москва
16,Белорусская,55.777439,37.582107,Москва
17,Маяковская,55.769808,37.596192,Москва
18,Тверская,55.765343,37.603918,Москва
19,Театральная,55.758808,37.61768,Москва
20,Новокузнецкая,55.742391,37.62928,Москва
21,Павелецкая,55.729741,37.638693,Москва
22,Автозаводская,55.706634,37.657008,Москва
23,Технопарк,55.695,37.664167,Москва
24,Коломенская,55.677423,37.663719,Москва
25,Каширская,55.655745,37.649683,Москва
26,Кантемировская,55.636107,37.656218,Москва
27,Царицыно,55.620982,37.669612,Москва
28,Орехово,55.61269,37.695214,Москва
29,Домодедовская,55.610131,37.717111,Москва
30,Красногвардейская,55.614075,37.742697,Москва
31,Алма-Атинская,55.63349,37.765678,Москва
32,Медведково,55.888103,37.661561999999996,Москва
33,Бабушкинская,55.870641,37.664341,Москва
34,Свиблово,55.855558,37.653379,Москва
35,Ботанический сад,55.844597,37.637811,Москва
36,ВДНХ,55.819626,37.640751,Москва
37,Алексеевская,55.807794,37.638699,Москва
38,Рижская,55.792494,37.636114,Москва
39,Проспект Мира,55.781827,37.633199,Москва
40,Сухаревская,55.772315,37.63285,Москва
41,Тургеневская,55.765371,37.636732,Москва
42,Китай-город,55.756498,37.631326,Москва
43,Третьяковская,55.74073,37.625624,Москва
44,Октябрьская,55.731232,37.612851,Москва
45,Шаболовская,55.718828,37.607892,Москва
46,Ленинский проспект,55.70678,37.58499,Москва
47,Академическая,55.687147,37.5723,Москва
48,Профсоюзная,55.677671,37.562595,Москва
49,Новые Черемушки,55.670077,37.554493,Москва
50,Калужская,55.656681999999996,37.540075,Москва
51,Беляево,55.642357,37.526115,Москва
52,Коньково,55.631857,37.519156,Москва
53,Теплый Стан,55.61873,37.505912,Москва
54,Ясенево,55.606182,37.5334,Москва
55,Новоясеневская,55.601947,37.553017,Москва
56,Бульвар Рокоссовского,55.814916,37.732227,Москва
57,Черкизовская,55.802787,37.744863,Москва
58,Преображенская площадь,55.796321999999996,37.713582,Москва
59,Сокольники,55.789282,37.679895,Москва
60,Красносельская,55.780014,37.666097,Москва
61,Комсомольская,55.774072,37.654565,Москва
62,Красные ворота,55.768307,37.6478,Москва
63,Чистые пруды,55.76499,37.638293,Москва
64,Лубянка,55.759889,37.625336,Москва
65,Охотный ряд,55.757228,37.615078,Москва
66,Библиотека им.Ленина,55.752123,37.610388,Москва
67,Кропоткинская,55.745297,37.604217,Москва
68,Парк культуры,55.736163,37.595027,Москва
69,Фрунзенская,55.727462,37.58022,Москва
70,Спортивная,55.722388,37.562041,Москва
71,Воробьевы горы,55.709169,37.557293,Москва
72,Университет,55.69329,37.534511,Москва
73,Проспект Вернадского,55.676549,37.504584,Москва
74,Юго-Западная,55.663146,37.482852,Москва
75,Тропарево,55.6459,37.4725,Москва
76,Румянцево,55.633,37.4419,Москва
77,Саларьево,55.6227,37.424,Москва
78,Филатов луг,55.5997,37.4075,Москва
79,Прокшино,55.5813,37.4425,Москва
80,Ольховая,55.5692,37.4589,Москва
81,Новомосковская (Коммунарка),55.559765,37.468716,Москва
82,Потапово,55.552538,37.490978,Москва
83,Щелковская,55.809962,37.798261,Москва
84,Первомайская,55.794376,37.799364,Москва
85,Измайловская,55.787713,37.779896,Москва
86,Партизанская,55.788401,37.74882,Москва
87,Семеновская,55.783096,37.719289,Москва
88,Электрозаводская,55.782057,37.7053,Москва
89,Бауманская,55.772405,37.67904,Москва
90,Курская,55.758564,37.659039,Москва
91,Площадь Революции,55.756741,37.62236,Москва
92,Арбатская,55.752312,37.60349,Москва
93,Смоленская,55.747713,37.583802,Москва
94,Киевская,55.743117,37.564132,Москва
95,Парк Победы,55.735679,37.516865,Москва
96,Славянский бульвар,55.729542,37.470973,Москва
97,Кунцевская,55.730673,37.446522,Москва
98,Молодежная,55.741375,37.415627,Москва
99,Крылатское,55.756842,37.408139,Москва
100,Строгино,55.803831,37.402405,Москва
101,Мякинино,55.823342,37.385214,Москва
102,Волоколамская,55.835154,37.382453,Москва
103,Митино,55.846098,37.36122,Москва
104,Пятницкое шоссе,55.853634,37.353108,Москва
105,Кунцевская,55.730815,37.446754,Москва
106,Пионерская,55.736027,37.466728,Москва
107,Филевский парк,55.739665,37.483902,Москва
108,Багратионовская,55.743544,37.497042,Москва
109,Фили,55.746763,37.514035,Москва
110,Кутузовская,55.740544,37.5341,Москва
111,Студенческая,55.738761,37.54842,Москва
112,Киевская,55.743168,37.565425,Москва
113,Смоленская,55.749083,37.582173,Москва
114,Арбатская,55.752122,37.601553,Москва
115,Александровский сад,55.752255,37.608775,Москва
116,Деловой центр (Выставочная),55.750243,37.542641,Москва
117,Москва-Сити,55.748056,37.532778,Москва
118,Алтуфьево,55.899034,37.586473,Москва
119,Бибирево,55.883868,37.603011,Москва
120,Отрадное,55.864273,37.605066,Москва
121,Владыкино,55.848236,37.590451,Москва
122,Петровско-Разумовская,55.836565,37.575512,Москва
123,Тимирязевская,55.81866,37.574498,Москва
124,Дмитровская,55.808056,37.581734,Москва
125,Савёловская,55.794054,37.587163,Москва
126,Менделеевская,55.781999,37.599141,Москва
127,Цветной бульвар,55.771653,37.620466,Москва
128,Чеховская,55.765747,37.608493,Москва
129,Боровицкая,55.750399,37.60934,Москва
130,Полянка,55.736795,37.618594,Москва
131,Серпуховская,55.726548,37.624792,Москва
132,Тульская,55.70961,37.622569,Москва
133,Нагатинская,55.682099,37.620917,Москва
134,Нагорная,55.672962,37.610397,Москва
135,Нахимовский проспект,55.662379,37.605274,Москва
136,Севастопольская,55.651451,37.59809,Москва
137,Чертановская,55.640538,37.606065,Москва
138,Южная,55.622436,37.609047,Москва
139,Пражская,55.610962,37.602386,Москва
140,Улица Академика Янгеля,55.596753,37.601498,Москва
141,Аннино,55.583477,37.596999,Москва
142,Бульвар Дмитрия Донского,55.568201,37.576856,Москва
143,Планерная,55.859676,37.436808,Москва
144,Сходненская,55.84926,37.44076,Москва
145,Тушинская,55.825479,37.437024,Москва
146,Спартак,55.8182,37.4352,Москва
147,Щукинская,55.8094,37.463241,Москва
148,Октябрьское поле,55.793581,37.493317,Москва
149,Полежаевская,55.777201,37.517895,Москва
150,Беговая,55.773505,37.545518,Москва
151,Улица 1905 года,55.763944,37.562271,Москва
152,Баррикадная,55.760793,37.581242,Москва
153,Пушкинская,55.765607,37.604356,Москва
154,Кузнецкий мост,55.761498,37.624423,Москва
155,Китай-город,55.75436,37.633877,Москва
156,Таганская,55.739502,37.653605,Москва
157,Пролетарская,55.731546,37.666917,Москва
158,Волгоградский проспект,55.725546,37.685197,Москва
159,Текстильщики,55.709211,37.732117,Москва
160,Кузьминки,55.705493,37.763295,Москва
161,Рязанский проспект,55.716139,37.792694,Москва
162,Выхино,55.715983,37.816788,Москва
163,Лермонтовский проспект,55.702036,37.851044,Москва
164,Жулебино,55.684722,37.855833,Москва
165,Котельники,55.6743,37.8582,Москва
166,Новослободская,55.779606,37.601252,Москва
167,Проспект Мира,55.779584,37.633646,Москва
168,Комсомольская,55.775672,37.654772,Москва
169,Курская,55.758631,37.661059,Москва
170,Таганская,55.742396,37.653334,Москва
171,Павелецкая,55.731414,37.636294,Москва
172,Добрынинская,55.728994,37.622533,Москва
173,Октябрьская,55.729264,37.611049,Москва
174,Парк культуры,55.735221,37.593095,Москва
175,Киевская,55.74361,37.56735,Москва
176,Краснопресненская,55.760378,37.577114,Москва
177,Белорусская,55.775179,37.582303,Москва
178,Физтех,55.921389,37.546389,Москва
179,Лианозово,55.931111,37.543611,Москва
180,Яхромская,55.8775,37.545833,Москва
181,Селигерская,55.86483,37.55005,Москва
182,Верхние Лихоборы,55.85566,37.56282,Москва
183,Окружная,55.848889,37.571111,Москва
184,Петровско-Разумовская,55.836667,37.575556,Москва
185,Фонвизинская,55.822778,37.588056,Москва
186,Бутырская ,55.813333,37.602778,Москва
187,Марьина Роща,55.793723,37.61618,Москва
188,Достоевская,55.781667,37.613889,Москва
189,Трубная,55.76771,37.621926,Москва
190,Сретенский бульвар,55.766106,37.635688,Москва
191,Чкаловская,55.755951,37.659293,Москва
192,Римская,55.747027,37.679996,Москва
193,Крестьянская застава,55.732278,37.665325,Москва
194,Дубровка,55.71807,37.676259,Москва
195,Кожуховская,55.706156,37.68544,Москва
196,Печатники,55.692921,37.728338,Москва
197,Волжская,55.690446,37.754314,Москва
198,Люблино,55.676595999999996,37.761639,Москва
199,Братиславская,55.658817,37.748415,Москва
200,Марьино,55.649158,37.743844,Москва
201,Борисово,55.6325,37.743333,Москва
202,Шипиловская,55.621667,37.743611,Москва
203,Зябликово,55.611944,37.745278,Москва
204,Каширская,55.654327,37.647705,Москва
205,Варшавская,55.653294,37.619522,Москва
206,Каховская,55.652923,37.596573,Москва
207,Бунинская аллея,55.537977,37.515899,Москва
208,Улица Горчакова,55.542281,37.532063,Москва
209,Бульвар Адмирала Ушакова,55.545207,37.542329,Москва
210,Улица Скобелевская,55.548103,37.552721,Москва
211,Улица Старокачаловская,55.569194,37.576074,Москва
212,Лесопарковая,55.581656,37.577816,Москва
213,Битцевский Парк,55.600066,37.556058,Москва
214,Деловой центр,55.7491,37.5395,Москва
215,Пыхтино,55.625,37.298056,Москва
216,Парк Победы,55.736478,37.514401,Москва
217,Минская,55.7232,37.5038,Москва
218,Ломоносовский проспект,55.7055,37.5225,Москва
219,Раменки,55.6961,37.505,Москва
220,Мичуринский проспект,55.6888,37.485,Москва
221,Озёрная,55.6698,37.4495,Москва
222,Говорово,55.6588,37.4174,Москва
223,Солнцево,55.649,37.3911,Москва
224,Боровское шоссе,55.647,37.3701,Москва
225,Новопеределкино,55.6385,37.3544,Москва
226,Рассказовка,55.6324,37.3328,Москва
227,Аэропорт Внуково,55.606667,37.288333,Москва
228,Окружная,55.848889,37.571111,Москва
229,Владыкино,55.847222,37.591944,Москва
230,Ботанический сад,55.845556,37.640278,Москва
231,Ростокино,55.839444,37.667778,Москва
232,Белокаменная,55.83,37.700556,Москва
233,Бульвар Рокоссовского,55.817222,37.736944,Москва
234,Локомотив,55.803219,37.745742,Москва
235,Измайлово,55.788611,37.742778,Москва
236,Соколиная Гора,55.77,37.745278,Москва
237,Шоссе Энтузиастов,55.758633,37.748477,Москва
238,Андроновка,55.741111,37.734444,Москва
239,Нижегородская,55.732222,37.72825,Москва
240,Новохохловская,55.723889,37.716111,Москва
241,Угрешская,55.718333,37.697778,Москва
242,Дубровка,55.71268,37.677775,Москва
243,Автозаводская,55.70631,37.66314,Москва
244,ЗИЛ,55.698333,37.648333,Москва
245,Верхние Котлы,55.69,37.618889,Москва
246,Крымская,55.690038,37.605,Москва
247,Площадь Гагарина,55.706944,37.585833,Москва
248,Лужники,55.720278,37.563056,Москва
249,Кутузовская,55.740833,37.533333,Москва
250,Деловой центр,55.747222,37.532222,Москва
251,Шелепиха,55.7575,37.525556,Москва
252,Хорошево,55.777222,37.507222,Москва
253,Зорге,55.787778,37.504444,Москва
254,Панфиловская,55.799167,37.498889,Москва
255,Стрешнево,55.813611,37.486944,Москва
256,Балтийская,55.825833,37.496111,Москва
257,Коптево,55.839637,37.520037,Москва
258,Лихоборы,55.847222,37.551389,Москва
259,Тимирязевская,55.819049,37.578882,Москва
260,Улица Милашенкова,55.821876,37.591206,Москва
261,Телецентр,55.821795,37.608975,Москва
262,Улица Академика Королёва,55.821821,37.627167,Москва
263,Выставочный центр,55.824086,37.638494,Москва
264,Улица Сергея Эйзенштейна,55.829305,37.644997,Москва
265,Мичуринский проспект,55.688333,37.485,Москва
266,Проспект Вернадского,55.677777999999996,37.505,Москва
267,Новаторская,55.670833,37.52,Москва
268,Воронцовская,55.658333,37.540833,Москва
269,Зюзино,55.655158,37.575786,Москва
270,Каховская,55.653056,37.598333,Москва
271,Варшавская,55.653333,37.619444,Москва
272,Каширская,55.655,37.648611,Москва
273,Кленовый бульвар,55.674444,37.680833,Москва
274,Нагатинский Затон,55.684444,37.703611,Москва
275,Печатники,55.694722,37.7275,Москва
276,Текстильщики,55.708333,37.728333,Москва
277,Нижегородская,55.7325,37.728611,Москва
278,Авиамоторная,55.753056,37.718611,Москва
279,Лефортово,55.764444,37.702778,Москва
280,Электрозаводская,55.782057,37.7053,Москва
281,Сокольники,55.791111,37.678889,Москва
282,Рижская,55.792222,37.633889,Москва
283,Марьина Роща,55.798333,37.617222,Москва
284,Савёловская,55.794054,37.587163,Москва
285,Петровский парк,55.79233,37.55952,Москва
286,ЦСКА,55.78643,37.53502,Москва
287,Хорошевская,55.77643,37.51981,Москва
288,Шелепиха,55.75723,37.52571,Москва
289,Деловой центр,55.7491,37.5395,Москва
290,Народное Ополчение,55.775278,39.484444,Москва
291,Мнёвники,55.761153,37.47139,Москва
292,Терехово,55.748108,37.459738,Москва
293,Кунцевская,55.730278,37.445833,Москва
294,Давыдково,55.715278,37.451667,Москва
295,Аминьевская,55.697222,37.464167,Москва
296,Косино,55.7026,37.8511,Москва
297,Улица Дмитриевского,55.7093,37.8792,Москва
298,Лухмановская,55.7078,37.9004,Москва
299,Некрасовка,55.7029,37.9264,Москва
300,Юго-Восточная,55.71,37.82,Москва
301,Окская,55.72,37.77,Москва
302,Стахановская,55.73,37.76,Москва
303,Нижегородская,55.73,37.73,Москва
304,Лефортово,55.764444,37.702778,Москва
305,Электрозаводская,55.782057,37.7053,Москва
306,Авиамоторная,55.751933,37.717444,Москва
307,Лобня,56.0048,37.29057,Москва
308,Шереметьевская,55.983882,37.498752,Москва
309,Хлебниково,55.970682,37.504638,Москва
310,Водники,55.953419,37.511143,Москва
311,Долгопрудная,55.938656,37.520542,Москва
312,Новодачная,55.924459,37.527877,Москва
313,Марк,55.904458,37.538242,Москва
314,Лианозово,55.897316,37.553261,Москва
315,Бескудниково,55.882713,37.567768,Москва
316,Дегунино,55.86586,37.573235,Москва
317,Окружная,55.848889,37.571111,Москва
318,Тимирязевская,55.81866,37.574498,Москва
319,Савёловская,55.793936,37.587038,Москва
320,Белорусская,55.775179,37.582303,Москва
321,Беговая,55.773505,37.545518,Москва
322,Тестовская,55.754292,37.531551,Москва
323,Фили,55.744263,37.514526,Москва
324,Славянский бульвар,55.729722,37.470556,Москва
325,Кунцевская,55.730554,37.445591,Москва
326,Рабочий Посёлок,55.726957,37.415577,Москва
327,Сетунь,55.723713,37.397259,Москва
328,Немчиновка,55.715668,37.374611,Москва
329,Сколково,55.666801,37.424618,Москва
330,Баковка,55.682816,37.315205,Москва
331,Одинцово,55.67798,37.27773,Москва
332,Нахабино,55.841522,37.185204,Москва
333,Аникеевка,55.832099,37.219829,Москва
334,Опалиха,55.82333,37.246843,Москва
335,Красногорская,55.814571,37.303337,Москва
336,Павшино,55.815231,37.341461,Москва
337,Пенягино,55.822539,37.361049,Москва
338,Волоколамская,55.835154,37.382453,Москва
339,Трикотажная,55.833137,37.398967,Москва
340,Тушинская,55.825479,37.437024,Москва
341,Покровское-Стрешнево,55.814247,37.47678,Москва
342,Стрешнево,55.813611,37.486944,Москва
343,Красный Балтиец,55.815514,37.526367,Москва
344,Гражданская,55.805527,37.55315,Москва
345,Дмитровская,55.808056,37.581734,Москва
346,Рижская,55.792494,37.636114,Москва
347,Площадь трёх вокзалов,55.776087,37.651861,Москва
348,Курская,55.757622,37.660767,Москва
349,Москва Товарная,55.745358,37.688839,Москва
350,Калитники,55.733981,37.702203,Москва
351,Новохохловская,55.718523,37.719236,Москва
352,Текстильщики,55.708934,37.731283,Москва
353,Люблино,55.676595999999996,37.761639,Москва
354,Депо,55.674257,37.728446,Москва
355,Перерва,55.660809,37.716278,Москва
356,Курьяново,55.649722,37.701667,Москва
357,Москворечье,55.641239,37.689789,Москва
358,Царицыно,55.618308999999996,37.668846,Москва
359,Покровское,55.814247,37.47678,Москва
360,Красный строитель,55.589455,37.615093,Москва
361,Битца,55.571186,37.611443,Москва
362,Бутово,55.548279,37.555668,Москва
363,Щербинка,55.509724,37.562008,Москва
364,Остафьево,55.50337,37.520055,Москва
365,Силикатная,55.470278,37.555278,Москва
366,Подольск,55.431667,37.565,Москва
367,Марьина Роща,55.800833,37.618889,Москва
368,Крюково,55.979722,37.173611,Москва
369,Малино,55.969167,37.211667,Москва
370,Фирсановская,55.960278,37.251111,Москва
371,Сходня,55.949722,37.298611,Москва
372,Подрезково,55.941667,37.334722,Москва
373,Новоподрезково,55.936389,37.351667,Москва
374,Молжаниново,55.924167,37.380833,Москва
375,Химки,55.894444,37.450833,Москва
376,Левобережная,55.886944,37.468611,Москва
377,Ховрино,55.879444,37.486667,Москва
378,Грачёвская,55.869444,37.509167,Москва
379,Моссельмаш,55.862222,37.526389,Москва
380,Лихоборы,55.85,37.5525,Москва
381,Петровско-Разумовская,55.839722,37.568333,Москва
382,Останкино,55.817222,37.603611,Москва
383,Рижская,55.796944,37.639167,Москва
384,Митьково,55.786389,37.6675,Москва
385,Электрозаводская,55.781111,37.705278,Москва
386,Сортировочная,55.763611,37.720833,Москва
387,Авиамоторная,55.750278,37.721944,Москва
388,Андроновка,55.744444,37.741111,Москва
389,Перово,55.735556,37.765,Москва
390,Плющево,55.730556,37.774167,Москва
391,Вешняки,55.721944,37.799167,Москва
392,Выхино,55.88,37.816667,Москва
393,Косино,55.714167,37.8475,Москва
394,Ухтомская,55.698611,37.864167,Москва
395,Люберцы I,55.681667,37.896944,Москва
396,Панки,55.668889,37.9225,Москва
397,Томилино,55.655,37.954722,Москва
398,Красково,55.649722,37.9825,Москва
399,Малаховка,55.645,38.008333,Москва
400,Удельная,55.634444,38.043889,Москва
401,Быково,55.626667,38.070556,Москва
402,Ильинская,55.616389,38.100278,Москва
403,Отдых,55.601111,38.136944,Москва
404,Кратово,55.591667,38.16,Москва
405,Есенинская,55.581944,38.184167,Москва
406,Фабричная,55.572778,1.873333,Москва
407,Раменское,55.565278,55.565278,Москва
408,Ипподром,55.560278,38.238889,Москва
409,Железнодорожная,55.7525,38.008889,Москва
410,Ольгино,55.751667,37.978611,Москва
411,Кучино,55.752222,37.954722,Москва
412,Салтыковская,55.757778,37.923056,Москва
413,Никольское,55.759722,37.897778,Москва
414,Реутово,55.751389,37.855833,Москва
415,Новогиреево,55.744444,37.818333,Москва
416,Кусково,55.739722,37.795278,Москва
417,Чухлинка,55.733889,55.733889,Москва
418,Нижегородская,55.733333,37.729444,Москва
419,Серп и Молот,55.748056,37.681944,Москва
420,Курская,55.740833,37.660556,Москва
421,Площадь трёх вокзалов,55.776667,37.651111,Москва
422,Рижская,55.793889,37.638611,Москва
423,Марьина Роща,55.800833,37.618889,Москва
424,Савёловская,55.794444,37.590278,Москва
425,Белорусская,55.776389,37.580278,Москва
426,Ермакова Роща,55.765556,37.535278,Москва
427,Тестовская,55.750833,37.530278,Москва
428,Кутузовская,55.741944,37.533056,Москва
429,Поклонная,55.728333,37.511667,Москва
430,Минская,55.723333,37.533056,Москва
431,Матвеевское,55.704722,37.482222,Москва
432,Аминьевская,55.699444,37.468056,Москва
433,Очаково I,55.683611,37.451389,Москва
434,Мещерская,55.666667,37.424444,Москва
435,Солнечная,55.656944,37.383611,Москва
436,Новопеределкино,55.639167,37.381111,Москва
437,Переделкино,55.656111,37.353889,Москва
438,Мичуринец,55.646111,37.315,Москва
439,Внуково,55.648889,37.269722,Москва
440,Лесной Городок,55.630278,37.219167,Москва
441,Толстопальцево,55.607778,37.186389,Москва
442,Кокошкино,55.599722,37.171389,Москва
443,Санино,55.583889,37.138333,Москва
444,Крёкшино,55.577778,37.109722,Москва
445,Победа,55.566111,37.093056,Москва
446,Апрелевка,55.550278,37.0675,Москва
447,Новаторская,55.670833,37.52,Москва
448,Университет дружбы народов,55.64824,37.507556,Москва
449,Генерала Тюленева,55.626248,37.486032,Москва
450,Тютчевская,55.618801,37.481415,Москва
451,Девяткино,60.050182,30.443045,Санкт-Петербург
452,Гражданский проспект,60.034969,30.418224,Санкт-Петербург
453,Академическая,60.012806,30.396044,Санкт-Петербург
454,Политехническая,60.008942,30.370907,Санкт-Петербург
455,Площадь Мужества,59.999828,30.366159,Санкт-Петербург
456,Лесная,59.984947,30.344259,Санкт-Петербург
457,Выборгская,59.970925,30.347408,Санкт-Петербург
458,Площадь Ленина,59.955611,30.35605,Санкт-Петербург
459,Чернышевская,59.94453,30.359919,Санкт-Петербург
460,Площадь Восстания,59.930279,30.361069,Санкт-Петербург
461,Владимирская,59.927628,30.347898,Санкт-Петербург
462,Пушкинская,59.92065,30.329599,Санкт-Петербург
463,Технологический институт 1,59.916512,30.318485,Санкт-Петербург
464,Балтийская,59.907211,30.299578,Санкт-Петербург
465,Нарвская,59.901218,30.274908,Санкт-Петербург
466,Кировский завод,59.879688,30.261921,Санкт-Петербург
467,Автово,59.867325,30.261337,Санкт-Петербург
468,Ленинский проспект,59.85117,30.268274,Санкт-Петербург
469,Проспект Ветеранов,59.84211,30.250588,Санкт-Петербург
470,Парнас,60.06699,30.333839,Санкт-Петербург
471,Проспект Просвещения,60.051456,30.332544,Санкт-Петербург
472,Озерки,60.037098,30.321495,Санкт-Петербург
473,Удельная,60.016697,30.315607,Санкт-Петербург
474,Пионерская,60.002487,30.296759,Санкт-Петербург
475,Чёрная речка,59.985455,30.300833,Санкт-Петербург
476,Петроградская,59.966389,30.311293,Санкт-Петербург
477,Горьковская,59.956112,30.31889,Санкт-Петербург
478,Невский проспект,59.935421,30.327052,Санкт-Петербург
479,Сенная площадь,59.927135,30.320316,Санкт-Петербург
480,Технологический институт 2,59.916512,30.318485,Санкт-Петербург
481,Фрунзенская,59.906273,30.31745,Санкт-Петербург
482,Московские ворота,59.891788,30.317873,Санкт-Петербург
483,Электросила,59.879189,30.318659,Санкт-Петербург
484,Парк Победы,59.866344,30.321802,Санкт-Петербург
485,Московская,59.848873,30.321483,Санкт-Петербург
486,Звёздная,59.833241,30.349428,Санкт-Петербург
487,Купчино,59.829781,30.375702,Санкт-Петербург
488,Беговая,59.98723,30.20247,Санкт-Петербург
489,Приморская,59.948521,30.23447,Санкт-Петербург
490,Василеостровская,59.942577,30.278254,Санкт-Петербург
491,Гостиный двор,59.933933,30.33341,Санкт-Петербург
492,Маяковская,59.931366,30.354645,Санкт-Петербург
493,Площадь Александра Невского 1,59.924369,30.384989,Санкт-Петербург
494,Елизаровская,59.89669,30.423656,Санкт-Петербург
495,Ломоносовская,59.877342,30.441715,Санкт-Петербург
496,Пролетарская,59.865,30.47,Санкт-Петербург
497,Обухово,59.848709,30.457743,Санкт-Петербург
498,Рыбацкое,59.830986,30.501259,Санкт-Петербург
499,Зенит,59.972222,30.211667,Санкт-Петербург
500,Спасская,59.927135,30.320316,Санкт-Петербург
501,Достоевская,59.928234,30.346029,Санкт-Петербург
502,Лиговский проспект,59.920811,30.355055,Санкт-Петербург
503,Площадь Александра Невского 2,59.923563,30.383421,Санкт-Петербург
504,Новочеркасская,59.929092,30.411915,Санкт-Петербург
505,Ладожская,59.93243,30.439274,Санкт-Петербург
506,Проспект Большевиков,59.919838,30.466757,Санкт-Петербург
507,Улица Дыбенко,59.907417,30.483311,Санкт-Петербург
508,Комендантский проспект,60.008591,30.258663,Санкт-Петербург
509,Старая Деревня,59.989433,30.255163,Санкт-Петербург
510,Крестовский остров,59.971821,30.259436,Санкт-Петербург
511,Чкаловская,59.961033,30.292006,Санкт-Петербург
512,Спортивная,59.952026,30.291338,Санкт-Петербург
513,Адмиралтейская,59.935867,30.31523,Санкт-Петербург
514,Садовая,59.926739,30.317753,Санкт-Петербург
515,Звенигородская,59.92065,30.329599,Санкт-Петербург
516,Обводный Канал,59.914686,30.34815,Санкт-Петербург
517,Волковская,59.896023,30.35754,Санкт-Петербург
518,Бухарестская,59.883769,30.368932,Санкт-Петербург
519,Международная,59.870203,30.379289,Санкт-Петербург
520,Дунайская,59.839889,30.410667,Санкт-Петербург
521,Проспект Славы,59.856704,30.395402,Санкт-Петербург
522,Шушары,59.819973,30.432718,Санкт-Петербург
523,Проспект Космонавтов,56.900393,60.613878,Екатеринбург
524,Уралмаш,56.887674,60.614165,Екатеринбург
525,Машиностроителей,56.878517,60.61218,Екатеринбург
526,Уральская,56.858056,60.600816,Екатеринбург
527,Динамо,56.847818,60.599406,Екатеринбург
528,Площадь 1905 года,56.837982,60.59734,Екатеринбург
529,Геологическая,56.826715,60.603754,Екатеринбург
530,Чкаловская,56.808502,60.610698,Екатеринбург
531,Ботаническая,56.797487,60.633362,Екатеринбург
532,Авиастроительная ,55.828897,49.081403,Казань
533,Северный вокзал,55.841519,49.081778,Казань
534,Яшьлек (Юность),55.827843,49.082905,Казань
535,Козья слобода,55.817608,49.097646,Казань
536,Кремлевская,55.795206,49.105426,Казань
537,Площадь Тукая,55.787163,49.122126,Казань
538,Суконная слобода,55.777094,49.142275,Казань
539,Аметьево,55.765346,49.165083,Казань
540,Горки,55.760763,49.189679,Казань
541,Проспект Победы,55.750109,49.207735,Казань
542,Дубравная,55.7425,49.2197,Казань
543,Горьковская,56.313933,43.99482,Нижний Новгород
544,Московская,56.321097,43.945799,Нижний Новгород
545,Чкаловская,56.310637,43.936933,Нижний Новгород
546,Ленинская,56.297798,43.937328,Нижний Новгород
547,Заречная,56.285144,43.927528,Нижний Новгород
548,Двигатель Революции,56.277093,43.922012,Нижний Новгород
549,Пролетарская,56.266922,43.914143,Нижний Новгород
550,Автозаводская,56.257243,43.902357,Нижний Новгород
551,Комсомольская,56.252662,43.889888,Нижний Новгород
552,Кировская,56.247426,43.876719,Нижний Новгород
553,Парк Культуры,56.242034,43.85816,Нижний Новгород
554,Стрелка,56.3343,43.9597,Нижний Новгород
555,Московская,56.321097,43.945799,Нижний Новгород
556,Канавинская,56.320273,43.927438,Нижний Новгород
557,Бурнаковская,56.325704,43.911897,Нижний Новгород
558,Буревестник,56.333834,43.892799,Нижний Новгород
559,Заельцовская,55.059291,82.912569,Новосибирск
560,Гагаринская,55.051071,82.91477,Новосибирск
561,Красный проспект,55.040998,82.917447,Новосибирск
562,Площадь Ленина,55.029941,82.92069,Новосибирск
563,Октябрьская,55.018789,82.939007,Новосибирск
564,Речной вокзал,55.008738,82.93827,Новосибирск
565,Студенческая,54.989089,82.906631,Новосибирск
566,Площадь Маркса,54.982931,82.89313,Новосибирск
567,Площадь Гарина-Михайловского,55.035947,82.897783,Новосибирск
568,Сибирская,55.042163,82.919172,Новосибирск
569,Маршала Покрышкина,55.043634,82.935566,Новосибирск
570,Березовая роща,55.043242,82.952913,Новосибирск
571,Золотая нива,55.037928,82.976044,Новосибирск
572,Алабинская,53.209689,50.134417,Самара
573,Российская,53.211385,50.15022,Самара
574,Московская,53.203791,50.159832,Самара
575,Гагаринская,53.200442,50.176595,Самара
576,Спортивная,53.201121,50.199286,Самара
577,Советская,53.201736,50.220657,Самара
578,Победа,53.207313,50.236414,Самара
579,Безымянка,53.212997,50.248891,Самара
580,Кировская,53.211352,50.269777,Самара
581,Юнгородок,53.212701,50.282982,Самара
582,Академгородок,50.464784,30.355511,Киев
583,Житомирская,50.455884,30.36479,Киев
584,Святошин,50.457685,30.391776,Киев
585,Нивки,50.458602,30.405682,Киев
586,Берестейская,50.458562,30.420522,Киев
587,Шулявская,50.454622,30.445208,Киев
588,Политехнический институт,50.450814,30.466327,Киев
589,Вокзальная,50.44178,30.488273,Киев
590,Университет,50.444401,30.506006,Киев
591,Театральная,50.445135,30.518178,Киев
592,Крещатик,50.447218,30.524933,Киев
593,Арсенальная,50.444332,30.545379,Киев
594,Днепр,50.441217,30.559374,Киев
595,Гидропарк,50.445956,30.57699,Киев
596,Левобережная,50.4518,30.59811,Киев
597,Дарница,50.455924,30.612905,Киев
598,Черниговская,50.459852,30.630269,Киев
599,Лесная,50.464629,30.645541,Киев
600,Героев Днепра,50.52258,30.498891,Киев
601,Минская,50.512196,30.498541,Киев
602,Оболонь,50.501466,30.498253,Киев
603,Петровка,50.486074,30.497885,Киев
604,Тараса Шевченко,50.473286,30.505134,Киев
605,Контрактовая площадь,50.465604,30.514836,Киев
606,Почтовая площадь,50.458935,30.524933,Киев
607,Майдан Независимости,50.450028,30.524196,Киев
608,Площадь Льва Толстого,50.439221,30.516327,Киев
609,Олимпийская,50.432244,30.51621,Киев
610,"Дворец ""Украина""",50.420641,30.520738,Киев
611,Лыбедская,50.412714,30.524879,Киев
612,Демиевская,50.404563,30.516615,Киев
613,Голосеевская,50.397879,30.510066,Киев
614,Васильковская,50.392815,30.485551,Киев
615,Выставочный центр,50.382092,30.477134,Киев
616,Ипподром,50.376526,30.468923,Киев
617,Теремки,50.367044,30.454203,Киев
618,Сырец,50.476221,30.430736,Киев
619,Дорогожичи,50.473452,30.448406,Киев
620,Лукьяновская,50.462249,30.482101,Киев
621,Золотые ворота,50.448342,30.513668,Киев
622,Дворец спорта,50.437838,30.520684,Киев
623,Кловская,50.436731,30.531922,Киев
624,Печерская,50.427315,30.538776,Киев
625,Дружбы народов,50.418001,30.544462,Киев
626,Выдубичи,50.401428,30.560686,Киев
627,Славутич,50.394164,30.604452,Киев
628,Осокорки,50.395537,30.616148,Киев
629,Позняки,50.398344,30.63433,Киев
630,Харьковская,50.401072,30.652,Киев
631,Вырлица,50.403185,30.665969,Киев
632,Бориспольская,50.403403,30.682974,Киев
633,Красный хутор,50.409505,30.695918,Киев
634,Вокзальная,48.475457,35.015926,Днепр (Днепропетровск)
635,Метростроителей,48.475218,34.995731,Днепр (Днепропетровск)
636,Металлургов,48.476634,34.979517,Днепр (Днепропетровск)
637,Заводская,48.475821,34.959421999999996,Днепр (Днепропетровск)
638,Проспект свободы,48.479871,34.943027,Днепр (Днепропетровск)
639,Коммунаровская,48.479298,34.92657,Днепр (Днепропетровск)
640,Холодная гора,49.982512,36.181804,Харьков
641,Южный вокзал,49.989613,36.205178,Харьков
642,Центральный рынок,49.99277,36.219731,Харьков
643,Советская,49.991084,36.232568,Харьков
644,Проспект Гагарина,49.980838,36.243402,Харьков
645,Спортивная,49.979494,36.260532,Харьков
646,Завод имени Малышева,49.975966,36.280996,Харьков
647,Московский проспект,49.972259,36.301666,Харьков
648,Маршала Жукова,49.966262,36.321187,Харьков
649,Советской армии,49.961852,36.342926,Харьков
650,Имени А. С. Масельского,49.958526,36.359787,Харьков
651,Тракторный завод,49.952614,36.37876,Харьков
652,Пролетарская,49.946562,36.399062,Харьков
653,Героев труда,50.025398,36.336287,Харьков
654,Студенческая,50.017683,36.329972,Харьков
655,Академика Павлова,50.008965,36.317755,Харьков
656,Академика Барабашова,50.002313,36.304092,Харьков
657,Киевская,50.001213,36.270279,Харьков
658,Пушкинская,50.003685,36.247489,Харьков
659,Университет,50.004501,36.233781,Харьков
660,Исторический музей,49.992926,36.231211,Харьков
661,Алексеевская,50.0496,36.20666,Харьков
662,23 Августа,50.035524,36.220279,Харьков
663,Ботанический сад,50.026659,36.222938,Харьков
664,Научная,50.013,36.226962,Харьков
665,Госпром,50.004797,36.231571,Харьков
666,Архитектора Бекетова,49.998966,36.240518,Харьков
667,Площадь Восстания,49.988652,36.264808,Харьков
668,Метростроителей имени Ващенко,49.978915,36.262823,Харьков
669,Уручье,53.945348,27.68782,Минск
670,Борисовский тракт,53.938506,27.665865,Минск
671,Восток,53.934509,27.651483,Минск
672,Московская,53.927978,27.627812,Минск
673,Парк Челюскинцев,53.924214,27.613646,Минск
674,Академия наук,53.92187,27.599066,Минск
675,Площадь Якуба Коласа,53.915369,27.583265,Минск
676,Площадь Победы,53.908644,27.575054,Минск
677,Октябрьская,53.901562,27.561068,Минск
678,Площадь Ленина,53.893875,27.548015,Минск
679,Институт Культуры,53.885899,27.538852,Минск
680,Грушевка,53.88669,27.514786,Минск
681,Михалово,53.876664,27.49691,Минск
682,Петровщина,53.86458,27.485807,Минск
683,Малиновка,53.849722,27.474722,Минск
684,Каменная Горка,53.90683,27.437558,Минск
685,Кунцевщина,53.906236,27.453916,Минск
686,Спортивная,53.908501,27.48083,Минск
687,Пушкинская,53.909519,27.495499,Минск
688,Молодежная,53.906527,27.521308,Минск
689,Фрунзенская,53.905286,27.539328,Минск
690,Немига,53.905615,27.55415,Минск
691,Купаловская,53.901407999999996,27.561247,Минск
692,Первомайская,53.893763,27.570167,Минск
693,Пролетарская,53.88972,27.585466,Минск
694,Тракторный завод,53.890033,27.614374,Минск
695,Партизанская,53.87582,27.628998,Минск
696,Автозаводская,53.868945,27.648788,Минск
697,Могилевская,53.861862,27.674381,Минск
698,Вокзальная,53.889722,27.546944,Минск
699,Юбилейная площадь,53.904406,27.539975,Минск
700,Площадь Франтишка Богушевича,53.896667,27.538333,Минск
701,Ковальская Слобода,53.874167,27.549444,Минск
702,Райымбек батыра,43.271201,76.9448,Алматы
703,Жибек Жолы,43.260199,76.946103,Алматы
704,Алмалы,43.251295,76.945456,Алматы
705,Абая,43.242548,76.949588,Алматы
706,Байконур,43.240401,76.927696,Алматы
707,Театр имени Ауэзова,43.240362,76.917519,Алматы
708,Алатау,43.239041,76.897612,Алматы
709,Сайран,43.2362,76.8764,Алматы
710,Москва,43.23,76.867,Алматы
711,Сары-Арка,43.22,76.851111,Алматы
712,Бауыржан Момышулы,43.216389,76.838056,Алматы
